{
  "train_loss": [
    0.62905,
    0.5807,
    0.56968,
    0.54385,
    0.53777,
    0.52516,
    0.51382,
    0.49133,
    0.46817,
    0.44052,
    0.43219,
    0.39551,
    0.37822,
    0.35929,
    0.35755,
    0.3404,
    0.34518,
    0.30884,
    0.29911,
    0.30239,
    0.29228,
    0.28333,
    0.28055,
    0.2658,
    0.27104,
    0.24401,
    0.24353,
    0.23824,
    0.24308,
    0.22549,
    0.23955,
    0.23584,
    0.21873,
    0.23633,
    0.20537,
    0.20706,
    0.19903,
    0.20495,
    0.19865,
    0.20841,
    0.19198,
    0.19661,
    0.1947,
    0.19228,
    0.17469,
    0.1882,
    0.19894,
    0.1834,
    0.18205,
    0.18871,
    0.17955,
    0.18703,
    0.17007,
    0.1704,
    0.18826,
    0.17903,
    0.18147,
    0.17487,
    0.17542,
    0.17825,
    0.17146,
    0.16863,
    0.16799,
    0.16229,
    0.16806,
    0.17343,
    0.16477,
    0.17527,
    0.16673,
    0.16682,
    0.16506,
    0.17809,
    0.17106,
    0.16864,
    0.16198,
    0.16525,
    0.171,
    0.16878,
    0.1786,
    0.16936
  ],
  "val_loss": [
    0.6159,
    0.59297,
    0.57505,
    0.55767,
    0.5541,
    0.53763,
    0.52955,
    0.52228,
    0.5066,
    0.49244,
    0.47648,
    0.47441,
    0.46794,
    0.45713,
    0.45128,
    0.43838,
    0.44607,
    0.43848,
    0.42426,
    0.42531,
    0.43013,
    0.42,
    0.41295,
    0.40181,
    0.4069,
    0.39646,
    0.3942,
    0.38521,
    0.38869,
    0.38312,
    0.36034,
    0.39769,
    0.37722,
    0.38885,
    0.38188,
    0.37052,
    0.36902,
    0.37665,
    0.36398,
    0.36798,
    0.37273,
    0.36923,
    0.36676,
    0.39019,
    0.37106,
    0.38046,
    0.36611,
    0.37123,
    0.39702,
    0.37977,
    0.38417,
    0.3732,
    0.36361,
    0.36788,
    0.38165,
    0.39575,
    0.37431,
    0.36114,
    0.36405,
    0.37919,
    0.37505,
    0.37091,
    0.37137,
    0.37365,
    0.38417,
    0.36198,
    0.37151,
    0.37075,
    0.3748,
    0.37169,
    0.37364,
    0.36895,
    0.36946,
    0.37982,
    0.37514,
    0.34863,
    0.38358,
    0.36756,
    0.35668,
    0.36735
  ]
}